chunk,breath
1,10.858468677494198
2,11.744776962168265
3,10.940714419300543
4,13.036211699164348
5,9.760323419000862
6,10.855446279458159
7,9.857101195683876
