chunk,breath
1,14.718614718614715
2,15.649710846217394
3,12.82593375616631
4,12.81770376862401
5,14.333585558318024
6,14.29187324854495
7,12.966233766233774
8,13.091366831008063
