chunk,breath
1,9.995071463775258
2,13.130012872561638
3,10.437774804052763
4,13.888888888888893
5,15.782212820748638
6,13.252257891442358
7,14.726242920075517
